batch,Label,log.sigma.1.mm.3D_glcm_MCC,log.sigma.1.mm.3D_glszm_SmallAreaLowGrayLevelEmphasis,log.sigma.3.mm.3D_glszm_SizeZoneNonUniformityNormalized,wavelet.LHH_glszm_SmallAreaEmphasis,wavelet.HHH_glcm_MaximumProbability,log.sigma.2.mm.3D_glcm_Imc1,wavelet.HHL_glcm_MaximumProbability,wavelet.HLH_glrlm_ShortRunLowGrayLevelEmphasis,wavelet.LLH_firstorder_Kurtosis,wavelet.LHH_glrlm_RunEntropy
1,0,-0.956514829,-0.021147675,0.485842053,-2.02431406,-1.681595372,1.106547532,-0.135469045,0.779548281,-0.382826612,-0.58747188
1,0,-0.390259168,0.490955476,-0.171308585,0.250535765,0.685923005,0.561904991,0.059381521,2.022393201,-0.657211613,-0.264808804
1,0,-0.773338892,-0.342160817,-0.402486343,0.49645803,-0.143492933,0.988562641,-0.268740886,-0.196278324,-0.909023905,-1.368598259
1,0,-0.732730863,-0.871292844,-0.537538407,0.600739656,2.019543093,0.42838353,0.931610922,-0.395703516,0.218615014,0.417991472
1,0,1.075417308,2.76806431,3.658443464,-1.240172464,2.805984312,-0.744506516,2.080067399,6.087052776,-3.291272602,-6.956648946
1,0,-1.090796789,0.080059231,-0.571691751,0.606303769,1.206459506,0.220400764,1.882742292,-0.646711127,-1.688797432,-1.216778281
2,0,1.572215871,-0.721874987,1.102648072,0.48048046,0.022196245,0.060369231,0.645727564,0.473463405,1.026795368,-0.158366236
1,1,-0.990290323,-0.265998691,0.499942503,-2.842748135,1.12288044,1.447621628,1.153744898,-0.119539308,-1.481248683,-2.96980481
1,1,1.756781879,-0.899261015,1.351395343,1.545098715,-0.187041926,-0.163622529,-0.425205638,0.619124821,0.18445474,-0.932450878
1,0,-0.773407771,-0.10009948,-0.693667971,-2.351332439,0.60846857,0.64512013,-1.47E-05,-0.338301649,1.04624118,-0.464254136
1,0,-0.035242704,-0.495196577,-0.574889136,-0.319049506,-0.351167052,0.479920287,-0.262962884,-0.388945064,0.545762699,-0.717756097
1,0,-0.826000848,-0.701444488,0.133330785,-0.355289914,-0.825004555,0.194633478,-1.179703671,0.637263655,0.717183281,0.502543895
1,0,-0.574306234,1.281877595,-0.439500026,0.307626341,-0.321773715,-1.089114675,-0.908952977,-0.443806657,-0.085959831,0.761592167
1,0,-0.827244606,0.659416481,-0.415020075,0.638595837,-0.233588484,-0.47922735,-0.897260762,-0.545375437,0.1791095,0.585319715
1,0,-0.908736421,0.24978465,-0.179549035,0.706575132,-0.085693985,-0.060212557,0.533428388,-0.794165391,-1.14005899,0.901484497
1,0,1.324637726,-0.747240869,-0.487089047,1.907138945,-1.220553486,-0.532860614,-0.085779904,0.607703376,-0.113913967,0.176007724
1,0,-0.959783302,1.681450885,-0.583345018,-0.745794564,1.757463229,0.968752865,1.169984208,-0.040766981,1.402897439,0.160760759
2,0,-0.41327136,-0.339913966,0.674006091,-0.562780641,-0.410940743,0.725299231,-0.687930244,-0.282934455,-0.436483229,-0.802797382
2,0,-0.614508547,-0.223611887,0.554679831,0.103315222,-0.036657574,0.20948015,0.359295507,0.145613085,0.14959168,0.554222856
2,0,-0.794990692,-0.609185913,0.086753757,0.920018412,0.12555594,0.955475694,1.984559151,0.737341811,0.646464046,-0.672996753
2,0,-0.446345729,0.054726005,0.069701055,-1.981818566,-1.792995391,1.773049394,-0.167937118,-0.458171139,-0.833565598,-1.424581405
2,0,-0.829403836,0.470180606,-0.493453676,0.135104493,0.179098047,0.972566694,-0.330950394,-0.847178588,-0.513690639,0.345536361
2,0,-1.08199153,-0.293316958,-1.02380328,-0.131806317,0.042195214,0.36716713,0.427589053,-0.729890167,-0.175748127,-0.44745765
1,1,-0.568262811,1.844068458,0.485842053,-1.563312185,-0.43937532,0.705672695,1.031500734,-0.548638735,-0.437391981,1.040832935
1,1,-0.656473847,-0.718540932,-0.974561775,0.004798218,0.945986038,-0.059741238,-0.250716747,-0.377958802,3.296962719,0.302674186
1,1,-0.054579667,0.840057372,-0.830679625,-1.204762305,0.567867,1.276734862,-1.144961495,3.124550468,-0.294374609,-1.042013044
1,0,0.288323278,-0.630691113,-0.921190103,0.428846884,-0.601798026,0.025821923,-0.617424629,-0.891640097,0.098646653,0.00681898
1,0,0.189806542,-0.812889578,-0.658731566,-2.186155792,-0.341567706,-0.440899654,1.036817227,-0.074533183,-1.825997178,-0.199888519
1,0,0.304238728,-0.298764536,-0.431852573,-0.342696991,-0.917686039,0.229745897,-1.434655788,0.311105047,0.037086169,-0.142456142
1,0,0.116746392,-0.619612907,-0.513287515,1.505170934,-1.127512189,-0.041084108,-0.622614504,-0.391561376,1.632620087,0.890841207
1,0,-0.710426253,-0.384563952,-0.296589081,0.448631466,-1.659060326,-1.675289011,-1.388296638,-0.975953779,-0.021544708,0.820241573
1,0,0.374681482,0.159426285,-0.483259297,0.620003132,-0.226600502,-1.592581411,-0.436053587,-0.947252448,-0.042073392,0.808374917
1,0,-0.208973898,-0.820176748,-0.885035103,-0.065981656,-1.240212182,0.613519497,0.650846859,-0.290877685,-0.075087561,-1.442033793
1,0,-0.742525677,0.943160219,0.162463951,0.408106704,-0.621292596,0.996567337,-0.821754668,-0.87540621,-1.475534423,0.306708112
1,0,-0.610943644,-1.045279153,-0.101676724,-3.626273766,0.00070717,1.304075691,-0.04092778,-0.394294274,-0.958648111,-1.675743332
1,1,0.438093816,-0.655336618,-0.075637117,0.453511029,-0.244321531,-0.330221905,0.223704595,1.192691277,-0.178995158,0.864149746
1,1,0.000648408,0.199476861,-0.771732748,0.587864868,0.148576764,0.082966173,-1.044086995,-0.577371461,0.942381507,0.196880426
1,1,0.942443022,-0.710155031,-0.16286211,-0.003777873,-1.476479505,0.032890892,-0.616008472,0.575899379,1.961010945,-0.983049089
1,0,-0.760827525,-0.097138538,-0.571691751,-0.925786074,0.150986407,1.044234957,0.417186686,0.764005467,0.357145299,0.215393865
1,0,-0.661672843,-0.678184743,-0.580035214,0.065509118,0.640078449,0.570220501,0.765066403,-0.746027514,1.710687332,-0.07937272
1,0,0.080575405,-0.444052605,-0.628093554,-1.106861778,-0.346082972,0.974425826,0.811533081,-0.272607942,-1.151193639,-0.711740061
1,1,-0.000115325,-0.850665092,-1.13570978,-0.504949607,0.432625543,0.33806763,-0.829696935,0.966115171,0.762864295,-0.318115163
1,1,0.699484855,-0.693573161,-0.40476792,2.647473018,0.188892754,0.06382392,-0.997948001,-0.559712653,-0.915870397,0.726529667
1,1,2.247822063,-0.987358957,0.719651654,0.451788468,-1.141323117,-0.152083388,-0.817902433,-0.578825189,0.676020959,0.289234627
1,1,2.082486767,-0.991403736,1.540187135,0.618376041,-0.293090761,0.74058927,-1.096546122,-0.535482804,1.870655474,0.68680457
1,0,-0.228936046,-0.757659841,0.550589021,-0.527768019,1.148131399,1.025034909,0.033862679,3.377646617,0.100918089,-0.891452485
1,1,1.330059169,0.694828618,0.321900985,0.296672203,-0.886363704,0.233046474,-0.293094984,0.82022943,-0.058884097,-0.455903312
1,0,-0.550342193,-0.610124818,-0.523731031,1.237160865,1.158989445,0.077238983,2.163261352,0.041282252,-0.323800274,-0.801185622
1,0,-0.783553582,-0.668596947,-0.628093554,1.510436752,-0.968072632,0.270110922,-0.515927142,-0.18742445,-1.205001383,1.188083501
1,0,0.830529531,-0.924172526,-0.772861889,-0.313280233,1.078260915,0.560410941,1.286836591,0.223154478,-0.088645361,-0.358685223
1,1,0.077734448,0.335701806,-0.603112823,0.673816842,-0.995878873,-2.560014388,-0.794708165,-0.944120695,0.461135283,1.341223208
1,1,0.41046132,1.597613854,-0.77270754,0.233072607,0.876143284,-1.274332318,0.076302401,-0.978460311,0.500619612,0.16217303
1,1,1.064056895,-0.540288282,-0.371782408,0.071546617,-0.386853984,-0.501661786,-0.742393578,-0.624800876,-0.19909882,-0.172429959
1,0,0.721645658,-0.800144035,-0.852153393,0.821568112,-0.969766719,-0.396091723,-1.110035099,-0.43817454,0.436735125,0.320806701
1,1,0.055078899,-0.53617689,-0.485687564,0.561736419,-0.547844574,-2.374577223,-0.857849271,-0.97449273,0.020013491,1.560748361
2,1,1.589371215,-0.824840556,0.85487264,-1.692856604,1.130905517,0.125422118,0.513140241,-0.192028045,-0.131152575,-1.449598897
2,0,-0.760261341,-0.12721443,-0.648558634,0.76773781,-0.349621008,-0.690509347,-0.010392129,-0.163108266,-0.814843609,0.288295234
2,1,-0.369675383,1.709771302,0.530123941,0.563857913,-0.333484153,1.107320033,-0.636817413,-0.111117682,-0.244200268,0.699873235
2,1,-0.39330982,-0.64938378,0.184806779,-2.370847153,-0.338762723,0.931225476,-0.319806253,1.111468711,0.26099111,-1.139498963
1,0,-0.690342037,-0.384389783,0.162463951,-0.680812934,-0.202758241,1.601547769,-0.849422287,0.527258517,-0.665431875,0.47126646
1,0,-1.12694163,1.489769869,0.485842053,-1.540070865,1.434028908,1.285167766,1.719434086,0.627344681,-1.119228691,-0.766196484
1,0,0.155606938,-0.349825051,0.499942503,-0.704773559,-0.561375237,0.9364311,-1.327127764,-0.462243995,-1.225297279,-1.797140597
1,0,-0.706716308,0.56903932,0.499942503,0.984436803,1.081702201,0.140657727,1.498456478,-0.181100584,-0.20031122,-0.308565691
1,0,-0.786318099,-0.36355379,-0.728363427,-0.171894605,-0.789922835,0.631660293,-0.075177425,-0.192686798,-0.183006041,-0.26803839
1,1,0.118343063,0.902645559,-0.53897804,0.873585566,-1.171549154,-1.290430416,-1.004209129,-0.28993884,0.259535099,0.951115894
1,1,0.910976914,-0.748797064,-0.163980332,0.402901303,-0.683582288,0.278463994,-0.570341561,-1.240469422,1.080478452,-0.299534418
1,1,0.805178597,-0.247913809,0.189640224,0.516722284,-0.342076799,-1.486826142,-0.827746883,-0.543368707,0.5340807,1.655790038
1,1,-0.432516839,-0.481216511,-1.076522698,-0.222014892,-1.090523885,-0.462577639,-0.372428888,0.837537886,0.454091205,0.56227855
1,1,0.891987143,-0.470547677,-0.208597148,0.793951546,-0.210831601,-1.494187915,-1.093100228,-1.01183299,0.294487424,0.986535008
1,0,-0.348505308,1.970383552,1.778383365,0.21236356,1.619565485,0.231889862,1.595692441,0.855743766,0.801450698,0.073845325
1,0,-1.406174656,-0.594073432,0.525009969,0.755797792,-2.228628458,0.899935093,-1.000398585,0.494835864,1.881236757,1.160204948
1,0,-0.700107421,2.533270795,2.248398392,-0.125466081,-0.858416086,1.471152196,0.648993573,7.368684125,-1.3685179,0.075351691
1,0,-0.117330853,0.285586387,0.83835332,-1.098330319,2.890491527,0.873537424,2.125511721,4.390792871,0.763179395,-2.774766425
1,0,-0.89770996,-0.212473755,0.274335292,-0.468269595,0.129165192,0.467794216,0.45278871,0.07192641,-1.313990874,-1.219410502
1,1,-0.987011534,-0.068776312,-0.680976911,0.12260054,-0.45992773,-0.680699449,-0.925885321,-0.39045215,0.797143792,1.217278567
1,1,-0.038711935,0.462558628,-0.411510631,-3.567559815,-0.747749399,0.383779856,-0.153592289,0.771911821,0.170290883,-0.406769973
1,1,1.113431409,-0.472650204,-0.281583416,0.874381028,0.405415319,-0.244058752,-0.377719506,-0.539479154,-1.003423617,-0.12020632
1,0,-0.223015581,-0.150044865,1.778383365,-0.414667534,1.126166651,0.25873411,2.410607543,-0.698210862,-0.837784305,0.206202071
1,1,0.778197048,-0.16741247,0.730064295,-1.141924105,-0.71938191,0.532095821,-1.108218731,0.63468566,1.059725825,-0.815969147
1,1,0.394640099,-0.537572939,0.525009969,0.646278141,0.845551496,0.059527456,1.432920424,0.562668484,-1.813209698,0.575990713
1,0,-0.637349413,2.354738881,3.658443464,-0.165055812,1.207175732,0.629147278,1.425732115,0.074027283,0.134749513,-0.609416957
1,0,0.449864296,-0.271247953,1.778383365,0.924333434,1.783789892,0.486784437,3.272264319,-0.661970795,-0.300277364,-1.5681053
1,0,-0.319942547,0.162467374,-0.574889136,0.343764256,0.776892969,-1.096760578,1.519102273,-1.021304008,-0.711227777,2.859383827
1,0,0.08259607,1.235472598,1.778383365,0.967943964,2.78043216,0.648657939,3.5658677,0.207755226,-0.646950229,-0.469788269
1,0,-0.262774466,3.010984126,0.83835332,-1.435061155,0.786230202,1.590906994,1.408202846,-0.982968838,-0.298148994,-1.583407852
1,1,-0.906299895,-0.018708117,-0.22637459,0.09587279,-0.135233464,-0.499670673,0.278854583,-0.418641344,0.409535744,1.143596462
1,1,-0.075924236,-0.579304811,-0.233203562,0.734784682,0.032170116,-1.112081311,-0.276322247,-0.475725408,-0.495440245,1.208317949
1,1,-0.258548628,5.152495109,1.778383365,-0.015719919,0.954406233,0.251347676,1.974229872,-0.535724369,-0.178429678,1.399179772
1,1,-0.223604137,0.235961677,-0.171308585,1.376734245,-0.365927489,-0.02160586,-0.332814086,-0.253693004,0.424654214,0.330421165
1,1,-0.454312378,0.200925394,-0.449836006,-0.096643591,-0.776024456,-0.784691443,0.227567873,-0.930480043,2.053153478,0.65139535
1,1,-0.157275267,-0.232140097,0.348916185,0.161283661,0.331066207,-0.578079925,1.229806973,-0.864128805,-0.164589489,1.91246392
1,1,0.473249055,-0.127613771,-0.590622464,0.57769641,-0.999611247,-0.486022165,-1.167761073,-0.470174622,0.310065945,0.266372275
1,1,0.770718848,-0.621690083,-0.158830554,0.665304352,-1.157545747,-0.88526883,-0.997807578,-0.512669599,0.750572477,1.009597282
2,0,-0.524484029,0.187299399,-0.790943316,0.642146849,-0.044086307,-0.706093997,-0.266081031,-0.398292742,-0.959500854,0.647668561
2,0,-0.987296396,0.196572969,-0.510583975,1.203171361,0.57873749,-0.314512426,0.695911015,-0.819868197,-0.684043491,0.317005463
2,0,-0.738497844,-0.13531642,-0.707262556,0.053723989,0.415321932,0.218619943,-0.103728269,-0.656987106,1.289487462,0.155243998
2,0,-0.737128893,0.975260619,0.086753757,1.500424867,2.341248309,0.557061145,3.277978935,0.295941182,-1.695321875,0.606226521
1,0,-1.182424728,0.315888554,-0.646782912,-1.229982295,0.765759017,0.004736037,-0.05366074,-1.143151051,0.336848809,-0.537410611
1,0,-0.654843282,-1.001903343,-0.449836006,-0.697074559,0.230657575,0.818359466,-0.161703054,-0.309332531,2.030788938,0.948485758
1,0,-0.70069783,0.617943381,-0.728363427,-0.448431117,-1.260595341,-1.485142238,-0.993903544,0.135295903,1.170065371,-0.903272249
1,1,-0.928058893,1.917733833,-0.219180483,-0.562378374,0.585076878,0.609394035,1.55730995,-0.303609335,-0.990581014,0.821924512
1,1,-0.44261496,-0.269212549,-0.120477328,0.046818356,-0.077366988,0.103162688,-0.077269349,-0.816096849,-0.62730623,0.773849448
1,1,1.200387532,-0.418268911,-0.01938453,0.714913064,-0.526730629,-2.22531872,0.205727529,-0.532724282,0.589195891,0.809876973
2,0,-0.815395866,-0.831708872,-0.790262332,0.370453123,-0.359254789,0.643157167,-0.085278558,-0.404037982,1.222081251,0.979421514
2,0,0.03683645,-0.764573084,3.637978384,-0.825379663,-0.060152905,-0.363251458,0.489590542,0.212285348,0.588592051,-0.345818751
2,1,1.425738236,-0.939545772,-0.17707417,-0.257245999,-0.209061327,0.118050869,-0.260757144,0.312236784,-0.210475888,-0.654495861
2,1,0.897158434,-0.901073899,-0.467004897,0.987029834,0.444196981,0.458141258,-0.948361456,2.460851588,-1.672936656,-0.327447081
2,0,-0.756482509,-0.315921904,0.200472053,0.770676061,-0.292787565,-1.064696737,-0.235057499,-0.613348207,-0.82164148,0.981499698
2,0,-0.264830084,0.195068982,-0.27881348,0.15208917,-0.87451976,-0.710951169,-0.133167802,-0.93439909,-0.640907631,2.284360208
2,0,-0.394345918,0.824071542,-0.548288761,0.426049013,-0.891684667,0.414187038,-0.777384389,-0.752933638,0.907716905,-0.550128591
2,0,-0.536054402,-0.73211718,-0.966250418,-0.916145939,1.223719997,0.337954325,1.746242623,-0.005148365,-1.252409563,0.667805411
2,0,-0.873059758,-0.66830478,-0.333509511,0.515342691,-1.160945711,0.048926851,-0.228698014,-0.880924139,-0.78078185,-0.240449598
2,1,-0.575088983,-0.262502848,-0.044453374,0.034649495,-1.121564,-0.378494663,-0.059122036,-0.888976086,-0.315046249,1.20104097
2,1,1.889859485,-0.149971587,-0.618791015,1.320150363,-0.45198292,-0.591555124,0.948636494,0.263686006,-0.996868647,-0.101921072
2,1,2.111318944,-0.950466823,0.493853543,-0.469415544,-0.77255928,-1.382241566,-0.893880967,-0.502521485,0.386883081,0.585805902
1,0,-0.272008518,0.653897649,-0.246296733,0.849549991,-1.847188487,-0.03993016,0.373127544,-0.356739346,-0.974187945,-0.480499886
1,0,-0.544907612,-0.90358018,-0.327283935,0.802291374,0.864848941,0.469691874,-0.015199404,-0.303328139,-0.233950961,-0.101391411
2,0,-0.572261655,0.706356146,-0.944668099,-1.826171648,-0.201678235,-0.045313178,-1.247758234,0.772033569,-1.09582985,-0.390666994
2,0,-0.408357896,2.897367482,0.253870212,-0.554270423,1.276041718,1.805875934,1.401636606,0.245039452,-0.377533044,-1.831318306
1,0,1.316963095,-0.847287502,-0.784068905,0.085681554,0.387560814,-0.295950076,-1.387966989,-0.4380759,-0.646994641,-0.402385045
1,1,0.09136422,-0.243296966,-1.078426699,0.713431515,0.509263178,-0.426423577,-0.435763103,-0.400398698,0.762563355,0.231460565
2,0,0.383410779,-0.693221573,-0.206552674,-0.517736267,-0.991838753,-0.0160798,-0.530236269,-0.396724538,0.054123421,-0.232390055
2,0,-0.319637269,-0.769600743,0.253870212,-2.947646626,2.219001891,2.609891576,1.461463162,-0.051460637,3.726198265,-3.210825873
2,0,-0.49639968,-0.670483402,0.81788824,-1.042066705,3.082735191,1.820106284,2.024418487,0.463887103,-0.473443732,-3.192758475
2,0,-1.022252179,1.816602836,-1.032795916,-0.258116803,1.035159658,1.577383576,-0.070528306,0.235203042,-0.63599496,-1.944791742
2,0,-1.064513222,-0.137849618,-0.61533311,-0.446103162,-0.367484709,-0.00598629,-0.347213381,-0.194320905,-1.381251777,-0.149832562
1,0,-0.28978721,-0.999148499,-0.713530599,0.236178534,-0.917645187,-0.352348933,-0.028048221,-0.238400389,-0.476162025,-0.403644478
1,0,-0.489914117,-0.579797576,-0.313044431,-0.431000613,0.134017858,-0.688098945,0.300347451,-0.867624955,-0.489291986,1.585804678
1,0,-0.471098582,-0.438716661,-0.485362464,-0.078867418,-0.4276874,-0.257998923,-1.298302514,0.720883877,-0.858740996,0.127155722
2,0,-1.172804566,0.468175559,-0.422951423,-3.089545991,3.287897609,1.163458199,2.509637665,1.210695173,-0.257734631,0.024589571
1,0,-1.141682058,0.05198361,-0.310572295,1.053189566,0.537042073,-0.212659593,0.185481945,-0.110787375,-1.034908512,0.578341501
1,0,-1.299785062,-0.074775563,-0.680976911,0.605926198,-0.031190875,-0.278651091,-0.073342902,0.017224056,-0.048067314,0.209382768
1,0,-1.177342085,-0.260667286,3.626457562,0.200304253,0.793938529,0.409445074,0.218389973,-0.666052256,1.310366107,-0.602251982
1,0,-0.573775365,2.593671642,0.525009969,0.208985361,0.60633833,2.154126653,1.01066735,-0.583430763,-1.968306323,-0.734406971
2,0,-0.595774603,-0.635639511,0.069701055,-0.040069471,2.129056961,1.625285182,1.730874438,0.035863359,-0.950080324,-1.39810282
2,0,-0.977681511,0.372052402,-0.874165846,0.089181367,0.373333791,1.034810055,0.008702421,-0.838544832,-0.560291333,0.907937204
2,0,-1.058940853,0.157790604,-0.333509511,0.650592291,0.338837839,0.474030411,0.230443954,-0.633792235,0.164674559,0.226255515
2,0,-0.51983783,2.218861961,0.81788824,1.527999201,-0.270111572,1.635405176,0.922841439,0.254047234,-1.411857976,-0.52367431
1,0,-0.171278651,-0.569467513,-0.628093554,0.3357703,-1.009807281,1.02133431,0.25995347,-0.281691285,1.20376799,-0.787876905
1,0,1.502678063,-0.751969342,0.569138672,0.365584931,0.445941938,0.520319548,-1.13958492,0.437523047,-0.208608683,-0.180946576
1,0,-0.735724996,0.767655223,-0.370256739,-0.027123254,0.118172761,0.747393642,1.181290577,0.781730086,0.328924908,-0.152173972
1,0,-0.50554031,0.099277655,-0.808579323,-0.062664941,2.858227922,-0.462917221,1.674505925,0.330862419,-0.353989657,-0.826339929
1,0,0.208233164,-0.386271341,-0.758029072,0.106516547,-0.033913732,-0.706567263,-0.878293392,0.430262882,0.632056407,0.44593643
1,0,-0.588185589,-0.235551885,-0.63552095,-0.636493069,0.465718688,0.490453204,0.269589276,-0.453975193,-0.44857098,-0.381139382
1,0,-0.540508739,0.881879532,0.995024996,-0.32800138,-0.644337597,0.165832014,0.32754673,0.063139024,-1.453343515,0.190477677
2,0,-1.166605544,0.745002464,-0.470301086,0.196996641,0.986736496,0.351212729,0.47796524,-0.6615891,-0.244677917,-0.44862219
2,0,0.059349892,1.150010854,1.757918285,0.528821765,2.517058866,-0.7466029,2.679368056,-0.058751042,-0.738039247,-0.354263669
2,0,-0.193779377,1.312129722,-0.748828507,-0.338485507,-0.398245748,0.382512283,0.410536501,-0.764850229,-1.500554256,0.027330385
2,1,-0.502255794,-0.191847165,-0.648558634,0.3477845,-1.060481284,-1.698990959,-1.140123992,-0.338462411,-0.049264391,1.465479564
1,0,-0.128570877,-0.858525663,-0.706081229,-0.193372589,0.200799205,0.856242366,0.090298836,-0.476662742,-0.008774185,-0.764583846
2,0,0.199934068,1.624217887,-0.557049326,0.605903101,-0.94671574,-0.113139691,-1.116081387,-0.478048399,-0.276944514,0.307017979
2,0,-0.441202953,-0.460402472,-0.733995679,-0.279733525,0.129489988,0.499681967,-0.35160391,0.772030545,-0.694378284,0.551208262
2,0,-0.642558554,0.28615277,1.757918285,1.160545824,-0.938610339,1.092406533,-1.413955557,-0.208703959,0.122594531,1.050636842
2,0,-0.684958528,-0.752144292,-0.122141804,1.137838731,-0.857404996,1.09505972,-0.075884105,-0.035782099,1.14202439,-1.071721011
2,0,-0.74080621,-0.244996714,-0.648558634,-0.121130439,0.037088481,-1.785442109,0.598573841,-0.08596741,-1.082833422,1.043693424
2,0,-0.785109831,-0.89193731,-0.347749015,-2.740614413,-1.745778296,1.066322983,0.550358738,1.020623498,-0.578533163,-1.420787017
2,0,1.307496977,-0.607695758,-1.127398435,0.191549773,0.737568721,-1.431693476,-0.130763214,0.382202944,-0.529527485,0.917010186
2,0,-0.241522155,0.738988023,-0.467004897,0.173529781,0.692511367,1.185988854,-0.342730204,-0.120748854,-1.062393661,-0.058103785
2,0,-1.130257731,4.221247816,0.069701055,-0.570158334,2.364759924,1.858405173,0.746085435,-0.108295735,0.319758223,-1.249021084
2,0,-0.210771012,0.470346184,0.066001537,-0.11351998,-0.075233548,0.334445604,-0.121905277,0.836382533,0.796142895,-0.718214785
2,0,0.455173398,-0.498329668,-0.158738723,0.000529442,-0.573856786,-0.554937516,-0.502534118,0.330358309,-0.091742506,0.491679615
1,0,-0.930614738,0.818631453,-0.490991984,-0.213526684,-1.190735873,0.614063937,-1.11518258,-0.258763047,-0.139184628,0.740290822
1,0,0.888715139,0.427536452,-0.561899767,-0.346981783,-0.085720566,0.025925214,0.418872597,0.2497656,-0.558948462,0.114420413
1,0,-0.753954869,0.06068817,-0.728363427,-0.847455736,0.96675128,1.295592063,0.73750402,0.418016153,-1.482331214,-0.374815666
2,0,1.768823722,0.340254841,0.621605939,-0.41897268,1.793441575,0.375460303,-0.384298941,0.264711236,-0.850527111,-0.182015886
2,0,-0.900522229,0.660035836,-0.600500294,-0.984419641,1.422120532,-0.474914916,2.608294369,-0.150846576,0.086962068,1.206709213
2,0,0.588893989,-0.679498561,-0.649709693,-0.915653678,-0.479815502,-0.127406982,0.185761497,0.444749142,0.883791355,0.324689642
2,0,-1.017207995,1.771896933,-0.548288761,0.913344129,-0.452850198,1.028907175,-1.02635992,-0.252790815,1.233880852,-0.070139117
2,0,-0.573261465,0.468860123,0.661216565,-0.387073202,1.480168854,0.774311093,1.48020434,-0.088078032,0.830723698,-0.555297571
1,0,-0.838718514,-0.229901587,-0.571691751,1.151578968,-1.116888239,-0.97485292,-1.271460632,-0.306852181,-0.544425233,1.596573708
1,0,-0.436261871,0.259826029,-1.146154559,0.182259414,-2.177053997,-0.404289959,-1.916688064,-0.918077098,-0.561953165,0.111576417
2,1,-0.253130003,0.214370439,-0.835268049,0.998804563,-0.258293242,-0.912167585,-0.803217158,0.879178084,-0.803189604,0.378461245
2,1,0.909391207,-0.506337149,-1.069441566,1.206241796,-0.444569225,-0.554380294,-0.099694903,-0.483892597,-0.601513344,0.286662123
2,1,0.092501916,-0.756586733,-0.419498256,0.514240186,-0.519802041,-0.56623095,-0.668310782,-0.433677602,-0.135261793,-0.241236622
2,1,0.142574908,0.765771462,-0.767369528,-0.010711139,3.17891706,-4.680814606,2.347854828,-0.023064813,2.525259341,-1.612885249
2,1,0.674291747,-0.458967262,-0.187013668,0.638037368,-0.868347093,-3.211600561,-0.904854131,-0.94993339,0.323963941,1.421381288
2,0,-0.730681965,-0.35491376,0.530123941,1.63395153,1.224104858,-0.229225722,1.711703617,-0.011450546,-0.693254299,0.140394778
2,0,-0.357446612,-0.193559158,-0.680284648,-0.386997249,-0.084866275,-0.352161941,-0.627969021,-0.395042137,-0.136852687,-0.129715986
2,0,-0.696719336,0.983065227,-0.232315461,-0.727930074,0.2302467,-0.59131102,-0.569395318,-0.266586728,-0.77081364,-0.35715713
2,0,-0.657048618,0.048451456,-1.096987778,-0.258810838,0.015932343,-0.649238124,0.819464042,-0.019353439,0.885304907,0.504352238
2,1,1.490397692,-0.940409364,0.916565823,-1.117737413,-0.789871312,-0.099966609,-0.508607424,1.229955966,-0.37510525,-0.969658074
2,1,2.364177823,-0.975910345,1.215803659,0.087243848,-0.343372145,0.211588837,-1.245924273,-0.546703677,0.446696422,0.554995004
2,0,1.25023416,-0.633670486,-0.051685901,-0.247429199,0.418135928,-0.648471196,0.34437147,-0.316603768,0.862793104,0.486908402
2,0,-0.825020076,0.104794413,-0.596062769,-0.070579139,-0.119422092,0.151175001,0.359295086,0.050295913,-0.930498854,-0.602114555
2,0,-0.865094017,-0.207159573,-0.473086354,0.036948751,-1.11311756,-1.208744604,-0.523294272,-0.907894963,0.146794515,1.515426487
2,0,-0.263507188,0.530804372,-0.783644438,-0.640131818,0.08799068,-0.646908652,0.469107396,-0.311585571,-1.393709136,0.942370287
2,1,-0.413429289,1.382643333,-0.470301086,-0.272815,-0.751275127,-0.365565203,-0.44977819,-0.404635151,0.175512695,0.091863765
2,0,0.923243743,-0.555350506,-0.230905619,1.399039933,-1.258094712,-0.137776448,-1.280435017,0.472789243,0.661224791,0.77492483
2,0,-0.873055417,1.69817114,-0.390721819,-1.468930309,-0.365724531,0.669902451,0.741144961,-0.373613465,-1.50506997,-0.599690848
2,0,-1.176998015,0.429426713,-0.275616106,-1.237167014,0.025768611,1.140382202,1.024467838,-0.160970071,0.788517333,0.115163782
2,0,-1.358481546,0.950402908,-0.417357853,0.009656628,0.581782517,1.249392013,-0.268083489,-0.693810216,0.17618109,-0.430080942
2,0,-0.818004791,0.717342049,0.034529872,1.087348837,-0.611203992,0.730459223,-0.057757211,-0.640575358,-1.299520647,-1.192965289
2,0,-1.180459693,-0.562103819,-1.085272785,0.696004517,-0.064559216,0.765736575,-0.08724887,-0.234729731,-0.944068061,0.021911796
1,1,-0.086325157,-0.048907861,-1.076522698,0.526029438,-0.578468594,-1.31924408,-0.347999829,-0.902409821,-0.43961353,1.212418214
1,1,-0.473425961,0.197429322,-1.142701742,0.60127669,0.01017352,-0.4282515,-0.020871703,-0.476765002,-1.325948553,0.321955425
1,0,-1.30268315,-0.602154251,-0.415020075,-0.4051355,-0.350101118,-0.007033645,-0.777855274,-0.110749057,-0.311954296,0.537395715
1,0,-1.317764389,-0.058579326,-1.423593978,-0.347273776,-0.439793801,1.413093294,-0.164501255,-0.896418877,-0.094503154,-0.502936352
1,1,0.712909731,-0.324807871,-0.2730172,0.993210936,-0.961242933,-3.271486387,-0.787311445,-1.023045776,-0.149481649,1.709315196
1,1,1.057959886,-0.614907176,-0.150032178,0.836282252,0.966412492,-1.764353481,-0.03204916,-0.560940732,-0.927221492,0.821168556
1,1,-0.750461279,-0.825738094,-0.396892773,-2.911188715,2.108681616,0.48925366,2.526679063,-0.225374134,3.245085717,-1.775505337
1,0,0.420388164,-0.811156477,-0.233203562,-1.133091044,-0.039483294,0.383257693,-0.635291968,0.496844583,0.165067289,-1.22446073
1,0,-0.489265499,-0.530032321,-0.111268865,-0.229086546,-2.127985728,0.64376551,-1.943112937,-0.370245429,0.701367125,0.236354871
1,0,1.204027338,-0.025174146,0.642313886,1.025364171,0.113297729,0.582451325,-0.435619874,0.562519789,-0.06239645,-0.795980789
2,0,0.356263791,-0.385784872,-1.0699407,1.112191256,-0.810023966,-0.793541674,-0.50131898,0.657820955,2.082180245,0.380509507
2,0,-0.534227015,-0.201727591,-0.504029014,0.094805192,-0.185830169,-0.353197794,1.362115481,-0.671327825,-0.506753591,0.939396034
2,0,-0.763773733,0.215564167,-0.733995679,1.341677399,0.813767281,-0.514057179,0.084640358,0.506298521,-1.662685202,1.404478017
2,0,-0.599270443,-0.287967988,-0.79294725,0.80651079,-0.405953644,-0.857923732,-0.684494363,-0.244059772,-0.905625745,0.249202031
2,0,-1.031775084,0.531454675,-0.930567649,0.354358579,0.110175971,-0.59640877,0.097608868,0.118556156,-0.745533196,-0.286759629
2,0,-0.831817082,0.935893227,0.553504789,-2.047629912,0.703135987,1.118766099,-0.302573037,-0.073301533,-0.29684577,-0.916572658
2,0,0.170472542,-0.627350453,0.300709078,-0.197039196,-0.135654731,-0.448142848,0.316501804,-0.360138935,-0.114483458,0.155942134
1,0,-1.078596131,-0.685925878,0.04872808,-0.180715768,-0.56764594,-0.02580899,0.175841273,-0.228557335,1.543270911,1.299084075
1,0,-0.823153547,1.356149275,-0.580035214,-0.472361769,-0.809655668,0.271231034,-0.572429836,-0.481079075,1.52013104,0.506940986
1,0,-0.375783523,0.111656572,0.861788969,-0.578038252,-0.206764414,-0.742401576,0.274981947,-0.857264272,-0.102445379,0.747371632
1,0,-1.002178697,-0.146692966,-0.373610492,0.299155174,-1.337879855,-0.378076234,-1.325786147,-0.866850999,-0.749873704,0.105411735
1,0,-0.897998986,-0.32831822,-0.069149736,0.151893296,0.328797751,1.41835836,-0.668071927,-0.12110023,-1.121967715,0.077916953
1,1,1.482071878,0.032530322,0.004949858,1.22966646,-0.115042352,-0.977897675,0.18645166,-0.601427786,0.347201744,0.804786759
2,0,-0.392577203,-0.443018002,0.32753787,0.787629494,-0.836309346,-0.37287473,-0.213315183,-0.824915878,0.051165564,0.604227014
2,0,-0.338206743,-0.598353432,-0.714456662,-0.44748101,0.661767713,-1.5915602,0.805955647,-0.211453927,-0.198037197,0.104072638
1,1,2.245708854,-0.968983716,0.370529198,0.84407467,-0.582685061,-1.988720478,-0.619570083,-1.031397062,0.746418444,1.220115657
2,0,-0.751022333,0.304974466,-0.603810098,-0.691613242,0.606347565,1.027116113,-0.96684701,1.047084294,-1.123897011,-0.435623852
2,0,-0.59586366,0.185314463,-0.592156831,0.282125358,0.481572444,0.551616301,0.507444453,0.078343056,0.009281579,1.498434948
2,0,-0.429276395,-0.662504221,-0.422951423,0.609138126,-0.127491429,0.8551001,1.197467297,-0.310554333,2.487003613,-0.446227208
2,0,0.517223401,-0.573256338,-0.48199706,0.546798145,0.055325931,-0.423552006,-0.434701378,-0.236182902,-1.01008163,0.12095443
2,0,0.03107131,-0.418669369,-0.122141804,-0.223608816,0.131227848,0.595100003,-0.672051746,0.57467507,-0.627385573,0.213785092
2,0,0.729587594,-0.385628141,0.151515333,1.140843921,-1.412886629,0.125985449,-1.16388636,-0.42855993,-0.758303648,-0.658640711
2,0,-1.329414844,0.504653607,-1.033528282,-0.48967588,-0.136230298,1.62847682,-0.209461872,0.001628192,-0.120458464,0.669160476
2,0,-0.107153395,-0.815406543,0.028263,-3.775063867,-1.269278999,-0.347277805,0.242346405,0.730739495,0.371211442,-2.36578319
2,0,-0.37062241,-0.548255346,-0.783547991,1.167780797,-2.062747376,0.243638912,-1.13964723,-0.381035257,1.634182654,-1.667957572
2,0,0.281949698,2.281319574,-0.401873934,0.87807487,-1.227709051,0.09996256,-0.411499811,3.590420074,1.095288213,-0.463996884
2,0,0.21421815,-0.692531578,-1.089250906,-0.047353402,-1.601773976,0.378469258,-0.931238903,-1.134584033,-0.35089731,-0.152780456
2,0,-0.602977002,0.679542563,-1.026392168,-0.014942976,-0.134901197,-0.321654636,0.029643052,-0.490982421,0.485649417,1.039655024
2,0,-0.963548044,1.293315811,0.069701055,1.418677421,-0.918755525,-0.069956246,-0.269929008,-0.885004804,0.884657587,0.643412242
2,0,-0.958640571,0.539347216,1.092063676,0.293100142,0.041986165,0.670938203,0.745574514,-0.756606494,-0.16516199,0.575262282
2,0,-1.397502092,1.407448369,-0.748828507,-0.449413967,-0.001439506,-1.343385736,-0.349378441,-0.138753198,-0.343062962,0.422189806
1,0,1.686895343,-0.783401339,3.131819007,1.546135879,-0.140427504,-0.727052075,0.108448751,0.676501461,-0.655221525,-0.44318041
1,0,-1.619105825,0.513984283,-0.1267442,0.747658404,1.138420081,0.417424428,0.640415171,0.142519541,-0.070057007,-0.525593324
2,0,-0.683605581,-0.492494,-0.191773665,0.034341105,1.963153841,0.85618239,0.425229853,-0.284972818,-0.2954249,-0.432365504
2,0,0.078293847,-0.79480902,-0.790262332,-0.367440119,0.041643162,1.339314662,1.043818714,0.785248071,0.74794079,-0.688609737
1,0,-0.037595035,-0.507841924,-1.28541827,-0.246998588,-0.928264155,-0.591497131,-0.85751761,-0.318349943,-0.175822497,1.103214532
1,0,1.237065223,-0.694187293,-0.396892773,-0.133775873,0.132849291,0.280351014,0.181549368,0.189406937,-0.832070207,0.387886141
1,0,1.060118057,-0.801110579,0.437101961,-0.674958693,0.596689703,0.668263277,-0.343936516,0.269334805,0.278638829,-0.642413073
1,0,1.001241965,-0.613627382,-0.564381683,0.726297289,0.184115518,-0.315235725,-0.374903196,-0.584390896,0.281048521,0.21809232
1,0,-1.578127831,1.360790663,0.107218837,-2.069538417,0.446427085,1.729809934,-0.878837629,0.910712474,0.272139947,-2.195631186
2,1,0.794235373,-0.861695858,-0.224969589,0.772916263,-0.603908495,0.503833471,-1.321103713,0.619970746,-1.164387656,0.236871034
2,1,2.390290153,-0.749665955,2.173626351,-0.829672795,-0.121890162,-0.168649097,-0.549005756,-0.530849546,1.22826186,0.387277357
2,1,2.131490039,-0.984961548,3.388225414,0.495545239,-0.532318111,-0.657807634,-0.791785199,0.383752128,-0.283613853,0.17470919
2,1,1.616012865,-0.900849707,1.319027689,0.424405744,0.658730971,0.326676738,-0.491861732,0.704212329,0.382328047,-0.519943354
2,1,-0.125613983,0.0480158,-0.603810098,-1.825802746,0.526342015,1.126307008,-1.534100872,3.39588985,-0.159214588,-0.653603127
2,1,2.759093319,-0.94674991,2.18817734,0.627901016,-1.110593695,-0.011795255,-0.706709791,-0.558780662,1.60618878,0.628970268
2,1,2.427555005,-1.034646549,2.856840137,0.320121468,-0.467210544,0.572700705,-0.811822466,0.374126009,4.34875947,-0.199067441
2,1,1.491802482,-0.907495018,4.621994457,-0.344995516,-1.759685774,-3.504624784,-0.947615641,2.795355753,-0.72384915,0.473538353
2,1,2.28222352,-0.83971001,2.448032053,0.607039718,-0.84888327,0.363604459,-0.644326948,0.627091249,1.981261535,0.602502345
2,1,2.093363976,-0.964103111,2.424453336,0.982981287,-0.455082783,-0.386914164,-0.843992024,0.664018767,0.063490662,-0.052034802
2,1,1.314793714,-0.207892123,0.106250676,-0.368213196,1.172080163,0.392589686,-0.490105025,0.634908673,0.754842029,-0.036788295
2,1,1.04676697,0.491820429,-1.151145895,-0.316768675,0.984677471,-0.163777322,1.155727956,-0.230342206,0.307439962,0.03804212
2,0,-0.040850728,-0.584919061,0.115686663,0.181168834,-0.786634285,-2.647263033,-1.223805049,-1.225865822,0.535972423,1.034513867
1,1,-0.983516555,-0.727468646,-0.395436117,0.581145749,-0.138942131,0.664689809,-0.606019014,-1.123159117,0.484101992,0.352063027
1,1,-0.12008399,6.126644904,1.778383365,-1.205160224,0.882760917,0.239862866,2.508231691,0.037718459,-0.332689935,-0.36575586
1,1,1.929037044,-0.338790822,0.092838701,-1.50849873,-0.168883976,-0.52121674,-0.163538044,0.419779925,-1.127462324,0.069414104
1,1,1.869875457,-0.850557769,-0.544397216,1.21790493,0.547975501,-0.868140088,-0.31830748,-0.529035748,0.370182354,0.318004716
1,1,1.994130035,-0.995433092,1.151345537,0.487218396,-0.449294058,-0.096016801,-0.382319195,-0.440266778,1.192933957,-0.172385308
1,1,1.904223201,-0.771588377,0.242142417,0.489727311,-0.316155399,-0.62163799,-0.789233702,-0.564974405,0.158580409,-0.158602822
1,1,2.403247089,-0.931272587,1.051596659,-0.550802063,0.82893275,-0.407473022,-0.420275786,0.480021088,1.069465142,0.559445911
2,1,1.731473018,-0.779726915,2.125821943,0.328248268,0.314619865,0.414539982,-1.096080338,0.596851277,1.046031798,-0.306904346
2,1,0.730744538,-0.765966057,-0.165181681,0.825236025,-1.026817697,-1.238240536,-1.7532521,-0.600327443,0.217287007,0.605997311
1,1,1.52098774,-0.896127411,1.788969081,-1.149774526,-0.069033095,-0.159398724,0.407894239,0.948587233,1.890735018,-1.262320157
1,1,2.183088352,-0.94333382,0.907002549,0.508949275,0.694368679,-0.62417795,-0.806321957,0.366764071,0.319201963,0.228337333
1,1,1.730214202,-0.995940771,2.216317746,1.901105082,-0.277603993,-0.91307589,-0.869009696,3.122270898,0.122601367,-0.863810151
2,0,-0.525399325,-0.318209504,-0.915746247,0.835904174,-0.265674275,-2.473530882,-0.241338373,-0.381298746,0.009121076,1.194631995
2,1,2.04377608,-0.780665541,2.22699094,-0.67839603,-1.058461722,-0.576619347,-0.404163733,0.352403727,0.246665732,0.549576895
2,1,-1.014881998,0.381381639,-0.790262332,1.069563603,0.13805089,0.702431919,-0.114458958,-0.098384281,1.083266247,0.437382183
2,1,-0.011847654,0.263767647,-0.937335865,1.204932737,-1.001120527,-1.062393989,-0.594643703,-0.365489259,1.425547086,0.491236634
2,1,2.510002615,-0.826765138,0.964585032,0.345480071,-0.096669088,-1.861634235,-0.46802679,-0.994918107,0.531403668,0.7138592
2,1,2.76090963,-0.860123986,0.825374057,0.658926492,-0.38096566,-1.586121206,-0.775755938,-0.5107612,0.978851869,0.836457057
